timestamp,visits
2026-04-10T20:33:47.988Z,3122
2026-04-10T21:44:05.768Z,3122
2026-04-10T22:42:59.784Z,3122
2026-04-10T23:41:18.268Z,3122
2026-04-11T02:43:00.589Z,3122
2026-04-11T05:00:17.238Z,3202
2026-04-11T06:09:57.839Z,3202
2026-04-11T08:53:11.314Z,3202
2026-04-11T09:49:45.765Z,3202
2026-04-11T10:40:54.979Z,3202
2026-04-11T11:36:25.354Z,3202
2026-04-11T13:10:05.863Z,3202
2026-04-11T14:40:51.117Z,3202
2026-04-11T15:39:39.802Z,3202
2026-04-11T16:43:48.169Z,3202
2026-04-11T17:37:14.094Z,3202
2026-04-11T18:54:20.314Z,3202
2026-04-11T19:39:17.754Z,3202
2026-04-11T20:40:53.935Z,3202
2026-04-11T21:39:13.253Z,3202
2026-04-11T22:38:23.877Z,3202
2026-04-11T23:41:01.237Z,3202
2026-04-12T03:20:59.680Z,3202
2026-04-12T05:57:50.922Z,3271
2026-04-12T07:27:08.075Z,3271
2026-04-12T08:56:56.109Z,3271
2026-04-12T09:53:51.217Z,3271
2026-04-12T10:45:05.911Z,3271
2026-04-12T13:12:39.987Z,3271
2026-04-12T15:41:06.920Z,3271
2026-04-12T16:47:33.299Z,3271
2026-04-12T18:58:31.390Z,3271
2026-04-12T19:45:12.245Z,3271
2026-04-12T20:43:16.865Z,3271
2026-04-12T22:40:53.387Z,3271
2026-04-12T23:41:37.135Z,3271
2026-04-13T03:27:51.452Z,3271
2026-04-13T06:20:32.901Z,3343
2026-04-13T09:03:43.379Z,3343
2026-04-13T11:21:11.206Z,3343
2026-04-13T13:51:59.266Z,3343
2026-04-13T15:20:16.791Z,3343
2026-04-13T17:10:15.629Z,3343
2026-04-13T19:20:57.020Z,3343
2026-04-13T21:01:30.347Z,3343
2026-04-13T22:50:39.743Z,3343
2026-04-13T23:50:58.728Z,3343
2026-04-14T03:18:00.553Z,3343
2026-04-14T06:04:07.080Z,3418
2026-04-14T08:28:21.317Z,3418
2026-04-14T12:08:42.072Z,3418
2026-04-14T14:53:14.046Z,3418
2026-04-14T16:12:30.930Z,3418
2026-04-14T18:09:17.158Z,3418
2026-04-14T20:08:31.924Z,3418
2026-04-14T21:55:55.836Z,3418
2026-04-14T22:52:27.403Z,3418
2026-04-14T23:49:33.112Z,3418
2026-04-15T02:56:56.869Z,3418
2026-04-15T05:31:13.578Z,3485
2026-04-15T07:57:05.167Z,3485
2026-04-15T09:44:22.085Z,3485
2026-04-15T11:05:19.016Z,3485
2026-04-15T15:10:51.236Z,3485
2026-04-15T20:57:59.745Z,3485
2026-04-15T22:00:03.591Z,3485
2026-04-15T22:55:33.738Z,3485
2026-04-15T23:50:52.110Z,3485
2026-04-16T03:24:13.543Z,3485
2026-04-16T06:06:08.947Z,3544
2026-04-16T10:19:55.474Z,3544
2026-04-16T12:13:36.972Z,3544
2026-04-16T16:46:51.050Z,3544
2026-04-16T18:11:30.555Z,3544
2026-04-16T20:02:24.751Z,3544
2026-04-16T22:50:03.666Z,3544
2026-04-16T23:49:23.976Z,3544
2026-04-17T03:19:03.156Z,3544
2026-04-17T06:07:12.756Z,3598
2026-04-17T08:28:28.694Z,3598
2026-04-17T10:17:31.485Z,3598
2026-04-17T11:55:36.371Z,3598
2026-04-17T13:42:18.767Z,3598
2026-04-17T15:04:25.308Z,3598
2026-04-17T16:58:40.237Z,3598
